0,0,1,0,1,0,-1,0,0,0,0,0.5,0
0,0,1,0,1,0,-1,0,0,1.2032e-05,0,0.5,0
0,0,1,0,1,0,-1,0,0,4.8064e-05,0,0.49998,0
0,0,1,0,1,0,-1,0,0,0.000108,0,0.49996,0
0,0,1,0,1,0,-1,0,0,0.00019174,0,0.49992,0
0,0,1,0,1,0,-1,0,0,0.00029919,0,0.49988,0
0,0,1,0,1,0,-1,0,0,0.00043026,0,0.49982,0
0,0,1,0,1,0,-1,0,0,0.00058484,0,0.49976,0
0,0,1,0,1,0,-1,0,0,0.00076284,0,0.49968,0
0,0,1,0,1,0,-1,0,0,0.00096417,0,0.4996,0
0,0,1,0,1,0,-1,0,0,0.0011887,0,0.49951,0
0,0,1,0,1,0,-1,0,0,0.0014364,0,0.4994,0
0,0,1,0,1,0,-1,0,0,0.0017071,0,0.49929,0
0,0,1,0,1,0,-1,0,0,0.0020008,0,0.49917,0
0,0,1,0,1,0,-1,0,0,0.0023173,0,0.49904,0
0,0,1,0,1,0,-1,0,0,0.0026565,0,0.4989,0
0,0,1,0,1,0,-1,0,0,0.0030184,0,0.49875,0
0,0,1,0,1,0,-1,0,0,0.0034028,0,0.49859,0
0,0,1,0,1,0,-1,0,0,0.0038097,0,0.49842,0
0,0,1,0,1,0,-1,0,0,0.004239,0,0.49824,0
0,0,1,0,1,0,-1,0,0,0.0046905,0,0.49805,0
0,0,1,0,1,0,-1,0,0,0.0051642,0,0.49786,0
0,0,1,0,1,0,-1,0,0,0.0056599,0,0.49765,0
0,0,1,0,1,0,-1,0,0,0.0061776,0,0.49744,0
0,0,1,0,1,0,-1,0,0,0.0067172,0,0.49721,0
0,0,1,0,1,0,-1,0,0,0.0072786,0,0.49698,0
0,0,1,0,1,0,-1,0,0,0.0078616,0,0.49674,0
0,0,1,0,1,0,-1,0,0,0.0084663,0,0.49649,0
0,0,1,0,1,0,-1,0,0,0.0090924,0,0.49623,0
0,0,1,0,1,0,-1,0,0,0.0097399,0,0.49596,0
0,0,1,0,1,0,-1,0,0,0.010409,0,0.49568,0
0,0,1,0,1,0,-1,0,0,0.011099,0,0.49539,0
0,0,1,0,1,0,-1,0,0,0.01181,0,0.4951,0
0,0,1,0,1,0,-1,0,0,0.012542,0,0.4948,0
0,0,1,0,1,0,-1,0,0,0.013295,0,0.49448,0
0,0,1,0,1,0,-1,0,0,0.014069,0,0.49416,0
0,0,1,0,1,0,-1,0,0,0.014863,0,0.49383,0
0,0,1,0,1,0,-1,0,0,0.015679,0,0.49349,0
0,0,1,0,1,0,-1,0,0,0.016514,0,0.49315,0
0,0,1,0,1,0,-1,0,0,0.01737,0,0.49279,0
0,0,1,0,1,0,-1,0,0,0.018247,0,0.49243,0
0,0,1,0,1,0,-1,0,0,0.019144,0,0.49206,0
0,0,1,0,1,0,-1,0,0,0.02006,0,0.49167,0
0,0,1,0,1,0,-1,0,0,0.020997,0,0.49129,0
0,0,1,0,1,0,-1,0,0,0.021954,0,0.49089,0
0,0,1,0,1,0,-1,0,0,0.022931,0,0.49048,0
0,0,1,0,1,0,-1,0,0,0.023927,0,0.49007,0
0,0,1,0,1,0,-1,0,0,0.024943,0,0.48965,0
0,0,1,0,1,0,-1,0,0,0.025979,0,0.48922,0
0,0,1,0,1,0,-1,0,0,0.027034,0,0.48878,0
0,0,1,0,1,0,-1,0,0,0.028108,0,0.48834,0
0,0,1,0,1,0,-1,0,0,0.029202,0,0.48788,0
0,0,1,0,1,0,-1,0,0,0.030315,0,0.48742,0
0,0,1,0,1,0,-1,0,0,0.031447,0,0.48695,0
0,0,1,0,1,0,-1,0,0,0.032598,0,0.48647,0
0,0,1,0,1,0,-1,0,0,0.033768,0,0.48599,0
0,0,1,0,1,0,-1,0,0,0.034956,0,0.48549,0
0,0,1,0,1,0,-1,0,0,0.036163,0,0.48499,0
0,0,1,0,1,0,-1,0,0,0.037389,0,0.48448,0
0,0,1,0,1,0,-1,0,0,0.038634,0,0.48397,0
0,0,1,0,1,0,-1,0,0,0.039897,0,0.48344,0
0,0,1,0,1,0,-1,0,0,0.041178,0,0.48291,0
0,0,1,0,1,0,-1,0,0,0.042477,0,0.48237,0
0,0,1,0,1,0,-1,0,0,0.043794,0,0.48183,0
0,0,1,0,1,0,-1,0,0,0.04513,0,0.48127,0
0,0,1,0,1,0,-1,0,0,0.046483,0,0.48071,0
0,0,1,0,1,0,-1,0,0,0.047854,0,0.48014,0
0,0,1,0,1,0,-1,0,0,0.049243,0,0.47956,0
0,0,1,0,1,0,-1,0,0,0.050649,0,0.47898,0
0,0,1,0,1,0,-1,0,0,0.052073,0,0.47839,0
0,0,1,0,1,0,-1,0,0,0.053515,0,0.47779,0
0,0,1,0,1,0,-1,0,0,0.054974,0,0.47719,0
0,0,1,0,1,0,-1,0,0,0.05645,0,0.47657,0
0,0,1,0,1,0,-1,0,0,0.057943,0,0.47595,0
0,0,1,0,1,0,-1,0,0,0.059453,0,0.47533,0
0,0,1,0,1,0,-1,0,0,0.06098,0,0.47469,0
0,0,1,0,1,0,-1,0,0,0.062524,0,0.47405,0
0,0,1,0,1,0,-1,0,0,0.064085,0,0.4734,0
0,0,1,0,1,0,-1,0,0,0.065662,0,0.47275,0
0,0,1,0,1,0,-1,0,0,0.067256,0,0.47209,0
0,0,1,0,1,0,-1,0,0,0.068867,0,0.47142,0
0,0,1,0,1,0,-1,0,0,0.070494,0,0.47075,0
0,0,1,0,1,0,-1,0,0,0.072137,0,0.47006,0
0,0,1,0,1,0,-1,0,0,0.073796,0,0.46937,0
0,0,1,0,1,0,-1,0,0,0.075471,0,0.46868,0
0,0,1,0,1,0,-1,0,0,0.077163,0,0.46798,0
0,0,1,0,1,0,-1,0,0,0.07887,0,0.46727,0
0,0,1,0,1,0,-1,0,0,0.080593,0,0.46655,0
0,0,1,0,1,0,-1,0,0,0.082332,0,0.46583,0
0,0,1,0,1,0,-1,0,0,0.084086,0,0.4651,0
0,0,1,0,1,0,-1,0,0,0.085856,0,0.46437,0
0,0,1,0,1,0,-1,0,0,0.087641,0,0.46363,0
0,0,1,0,1,0,-1,0,0,0.089441,0,0.46288,0
0,0,1,0,1,0,-1,0,0,0.091257,0,0.46213,0
0,0,1,0,1,0,-1,0,0,0.093088,0,0.46137,0
0,0,1,0,1,0,-1,0,0,0.094934,0,0.4606,0
0,0,1,0,1,0,-1,0,0,0.096795,0,0.45983,0
0,0,1,0,1,0,-1,0,0,0.09867,0,0.45905,0
0,0,1,0,1,0,-1,0,0,0.10056,0,0.45827,0
0,0,1,0,1,0,-1,0,0,0.10247,0,0.45748,0
0,0,1,0,1,0,-1,0,0,0.10439,0,0.45668,0
0,0,1,0,1,0,-1,0,0,0.10632,0,0.45588,0
0,0,1,0,1,0,-1,0,0,0.10827,0,0.45507,0
0,0,1,0,1,0,-1,0,0,0.11023,0,0.45425,0
0,0,1,0,1,0,-1,0,0,0.11221,0,0.45343,0
0,0,1,0,1,0,-1,0,0,0.1142,0,0.45261,0
0,0,1,0,1,0,-1,0,0,0.1162,0,0.45178,0
0,0,1,0,1,0,-1,0,0,0.11822,0,0.45094,0
0,0,1,0,1,0,-1,0,0,0.12025,0,0.4501,0
0,0,1,0,1,0,-1,0,0,0.1223,0,0.44925,0
0,0,1,0,1,0,-1,0,0,0.12436,0,0.44839,0
0,0,1,0,1,0,-1,0,0,0.12643,0,0.44753,0
0,0,1,0,1,0,-1,0,0,0.12852,0,0.44667,0
0,0,1,0,1,0,-1,0,0,0.13062,0,0.44579,0
0,0,1,0,1,0,-1,0,0,0.13273,0,0.44492,0
0,0,1,0,1,0,-1,0,0,0.13486,0,0.44403,0
0,0,1,0,1,0,-1,0,0,0.137,0,0.44315,0
0,0,1,0,1,0,-1,0,0,0.13915,0,0.44225,0
0,0,1,0,1,0,-1,0,0,0.14131,0,0.44136,0
0,0,1,0,1,0,-1,0,0,0.14349,0,0.44045,0
0,0,1,0,1,0,-1,0,0,0.14568,0,0.43954,0
0,0,1,0,1,0,-1,0,0,0.14788,0,0.43863,0
0,0,1,0,1,0,-1,0,0,0.1501,0,0.43771,0
0,0,1,0,1,0,-1,0,0,0.15232,0,0.43679,0
0,0,1,0,1,0,-1,0,0,0.15456,0,0.43586,0
0,0,1,0,1,0,-1,0,0,0.15681,0,0.43492,0
0,0,1,0,1,0,-1,0,0,0.15908,0,0.43398,0
0,0,1,0,1,0,-1,0,0,0.16135,0,0.43304,0
0,0,1,0,1,0,-1,0,0,0.16364,0,0.43209,0
0,0,1,0,1,0,-1,0,0,0.16594,0,0.43114,0
0,0,1,0,1,0,-1,0,0,0.16825,0,0.43018,0
0,0,1,0,1,0,-1,0,0,0.17057,0,0.42921,0
0,0,1,0,1,0,-1,0,0,0.17291,0,0.42824,0
0,0,1,0,1,0,-1,0,0,0.17525,0,0.42727,0
0,0,1,0,1,0,-1,0,0,0.17761,0,0.42629,0
0,0,1,0,1,0,-1,0,0,0.17997,0,0.42531,0
0,0,1,0,1,0,-1,0,0,0.18235,0,0.42432,0
0,0,1,0,1,0,-1,0,0,0.18474,0,0.42333,0
0,0,1,0,1,0,-1,0,0,0.18714,0,0.42234,0
0,0,1,0,1,0,-1,0,0,0.18955,0,0.42134,0
0,0,1,0,1,0,-1,0,0,0.19198,0,0.42033,0
0,0,1,0,1,0,-1,0,0,0.19441,0,0.41932,0
0,0,1,0,1,0,-1,0,0,0.19685,0,0.41831,0
0,0,1,0,1,0,-1,0,0,0.1993,0,0.41729,0
0,0,1,0,1,0,-1,0,0,0.20177,0,0.41627,0
0,0,1,0,1,0,-1,0,0,0.20424,0,0.41524,0
0,0,1,0,1,0,-1,0,0,0.20672,0,0.41421,0
0,0,1,0,1,0,-1,0,0,0.20922,0,0.41317,0
0,0,1,0,1,0,-1,0,0,0.21172,0,0.41214,0
0,0,1,0,1,0,-1,0,0,0.21423,0,0.41109,0
0,0,1,0,1,0,-1,0,0,0.21676,0,0.41005,0
0,0,1,0,1,0,-1,0,0,0.21929,0,0.40899,0
0,0,1,0,1,0,-1,0,0,0.22183,0,0.40794,0
0,0,1,0,1,0,-1,0,0,0.22438,0,0.40688,0
0,0,1,0,1,0,-1,0,0,0.22695,0,0.40582,0
0,0,1,0,1,0,-1,0,0,0.22952,0,0.40475,0
0,0,1,0,1,0,-1,0,0,0.2321,0,0.40368,0
0,0,1,0,1,0,-1,0,0,0.23468,0,0.40261,0
0,0,1,0,1,0,-1,0,0,0.23728,0,0.40153,0
0,0,1,0,1,0,-1,0,0,0.23989,0,0.40045,0
0,0,1,0,1,0,-1,0,0,0.2425,0,0.39936,0
0,0,1,0,1,0,-1,0,0,0.24513,0,0.39827,0
0,0,1,0,1,0,-1,0,0,0.24776,0,0.39718,0
0,0,1,0,1,0,-1,0,0,0.2504,0,0.39608,0
0,0,1,0,1,0,-1,0,0,0.25305,0,0.39499,0
0,0,1,0,1,0,-1,0,0,0.2557,0,0.39388,0
0,0,1,0,1,0,-1,0,0,0.25837,0,0.39278,0
0,0,1,0,1,0,-1,0,0,0.26104,0,0.39167,0
0,0,1,0,1,0,-1,0,0,0.26372,0,0.39055,0
0,0,1,0,1,0,-1,0,0,0.26641,0,0.38944,0
0,0,1,0,1,0,-1,0,0,0.26911,0,0.38832,0
0,0,1,0,1,0,-1,0,0,0.27181,0,0.3872,0
0,0,1,0,1,0,-1,0,0,0.27453,0,0.38607,0
0,0,1,0,1,0,-1,0,0,0.27725,0,0.38494,0
0,0,1,0,1,0,-1,0,0,0.27997,0,0.38381,0
0,0,1,0,1,0,-1,0,0,0.28271,0,0.38268,0
0,0,1,0,1,0,-1,0,0,0.28545,0,0.38154,0
0,0,1,0,1,0,-1,0,0,0.2882,0,0.3804,0
0,0,1,0,1,0,-1,0,0,0.29095,0,0.37925,0
0,0,1,0,1,0,-1,0,0,0.29372,0,0.37811,0
0,0,1,0,1,0,-1,0,0,0.29649,0,0.37696,0
0,0,1,0,1,0,-1,0,0,0.29926,0,0.37581,0
0,0,1,0,1,0,-1,0,0,0.30204,0,0.37465,0
0,0,1,0,1,0,-1,0,0,0.30483,0,0.37349,0
0,0,1,0,1,0,-1,0,0,0.30763,0,0.37233,0
0,0,1,0,1,0,-1,0,0,0.31043,0,0.37117,0
0,0,1,0,1,0,-1,0,0,0.31324,0,0.37001,0
0,0,1,0,1,0,-1,0,0,0.31605,0,0.36884,0
0,0,1,0,1,0,-1,0,0,0.31887,0,0.36767,0
0,0,1,0,1,0,-1,0,0,0.3217,0,0.36649,0
0,0,1,0,1,0,-1,0,0,0.32453,0,0.36532,0
0,0,1,0,1,0,-1,0,0,0.32737,0,0.36414,0
0,0,1,0,1,0,-1,0,0,0.33021,0,0.36296,0
0,0,1,0,1,0,-1,0,0,0.33306,0,0.36178,0
0,0,1,0,1,0,-1,0,0,0.33592,0,0.36059,0
0,0,1,0,1,0,-1,0,0,0.33878,0,0.35941,0
0,0,1,0,1,0,-1,0,0,0.34164,0,0.35822,0
0,0,1,0,1,0,-1,0,0,0.34451,0,0.35703,0
0,0,1,0,1,0,-1,0,0,0.34739,0,0.35583,0
0,0,1,0,1,0,-1,0,0,0.35027,0,0.35464,0
0,0,1,0,1,0,-1,0,0,0.35315,0,0.35344,0
0,0,1,0,1,0,-1,0,0,0.35604,0,0.35224,0
0,0,1,0,1,0,-1,0,0,0.35894,0,0.35104,0
0,0,1,0,1,0,-1,0,0,0.36184,0,0.34984,0
0,0,1,0,1,0,-1,0,0,0.36474,0,0.34863,0
0,0,1,0,1,0,-1,0,0,0.36765,0,0.34742,0
0,0,1,0,1,0,-1,0,0,0.37056,0,0.34622,0
0,0,1,0,1,0,-1,0,0,0.37348,0,0.34501,0
0,0,1,0,1,0,-1,0,0,0.3764,0,0.34379,0
0,0,1,0,1,0,-1,0,0,0.37933,0,0.34258,0
0,0,1,0,1,0,-1,0,0,0.38225,0,0.34136,0
0,0,1,0,1,0,-1,0,0,0.38519,0,0.34015,0
0,0,1,0,1,0,-1,0,0,0.38812,0,0.33893,0
0,0,1,0,1,0,-1,0,0,0.39106,0,0.33771,0
0,0,1,0,1,0,-1,0,0,0.39401,0,0.33649,0
0,0,1,0,1,0,-1,0,0,0.39695,0,0.33526,0
0,0,1,0,1,0,-1,0,0,0.3999,0,0.33404,0
0,0,1,0,1,0,-1,0,0,0.40286,0,0.33281,0
0,0,1,0,1,0,-1,0,0,0.40581,0,0.33159,0
0,0,1,0,1,0,-1,0,0,0.40877,0,0.33036,0
0,0,1,0,1,0,-1,0,0,0.41174,0,0.32913,0
0,0,1,0,1,0,-1,0,0,0.4147,0,0.3279,0
0,0,1,0,1,0,-1,0,0,0.41767,0,0.32667,0
0,0,1,0,1,0,-1,0,0,0.42064,0,0.32543,0
0,0,1,0,1,0,-1,0,0,0.42361,0,0.3242,0
0,0,1,0,1,0,-1,0,0,0.42659,0,0.32297,0
0,0,1,0,1,0,-1,0,0,0.42957,0,0.32173,0
0,0,1,0,1,0,-1,0,0,0.43255,0,0.32049,0
0,0,1,0,1,0,-1,0,0,0.43553,0,0.31925,0
0,0,1,0,1,0,-1,0,0,0.43852,0,0.31802,0
0,0,1,0,1,0,-1,0,0,0.4415,0,0.31678,0
0,0,1,0,1,0,-1,0,0,0.44449,0,0.31554,0
0,0,1,0,1,0,-1,0,0,0.44748,0,0.3143,0
0,0,1,0,1,0,-1,0,0,0.45047,0,0.31305,0
0,0,1,0,1,0,-1,0,0,0.45347,0,0.31181,0
0,0,1,0,1,0,-1,0,0,0.45646,0,0.31057,0
0,0,1,0,1,0,-1,0,0,0.45946,0,0.30932,0
0,0,1,0,1,0,-1,0,0,0.46246,0,0.30808,0
0,0,1,0,1,0,-1,0,0,0.46546,0,0.30684,0
0,0,1,0,1,0,-1,0,0,0.46846,0,0.30559,0
0,0,1,0,1,0,-1,0,0,0.47146,0,0.30435,0
0,0,1,0,1,0,-1,0,0,0.47446,0,0.3031,0
0,0,1,0,1,0,-1,0,0,0.47746,0,0.30185,0
0,0,1,0,1,0,-1,0,0,0.48047,0,0.30061,0
0,0,1,0,1,0,-1,0,0,0.48347,0,0.29936,0
0,0,1,0,1,0,-1,0,0,0.48647,0,0.29811,0
0,0,1,0,1,0,-1,0,0,0.48948,0,0.29687,0
0,0,1,0,1,0,-1,0,0,0.49249,0,0.29562,0
0,0,1,0,1,0,-1,0,0,0.49549,0,0.29437,0
0,0,1,0,1,0,-1,0,0,0.4985,0,0.29312,0
0,0,1,0,1,0,-1,0,0,0.5015,0,0.29188,0
0,0,1,0,1,0,-1,0,0,0.50451,0,0.29063,0
0,0,1,0,1,0,-1,0,0,0.50751,0,0.28938,0
0,0,1,0,1,0,-1,0,0,0.51052,0,0.28813,0
0,0,1,0,1,0,-1,0,0,0.51353,0,0.28689,0
0,0,1,0,1,0,-1,0,0,0.51653,0,0.28564,0
0,0,1,0,1,0,-1,0,0,0.51953,0,0.28439,0
0,0,1,0,1,0,-1,0,0,0.52254,0,0.28315,0
0,0,1,0,1,0,-1,0,0,0.52554,0,0.2819,0
0,0,1,0,1,0,-1,0,0,0.52854,0,0.28065,0
0,0,1,0,1,0,-1,0,0,0.53154,0,0.27941,0
0,0,1,0,1,0,-1,0,0,0.53454,0,0.27816,0
0,0,1,0,1,0,-1,0,0,0.53754,0,0.27692,0
0,0,1,0,1,0,-1,0,0,0.54054,0,0.27568,0
0,0,1,0,1,0,-1,0,0,0.54354,0,0.27443,0
0,0,1,0,1,0,-1,0,0,0.54653,0,0.27319,0
0,0,1,0,1,0,-1,0,0,0.54953,0,0.27195,0
0,0,1,0,1,0,-1,0,0,0.55252,0,0.2707,0
0,0,1,0,1,0,-1,0,0,0.55551,0,0.26946,0
0,0,1,0,1,0,-1,0,0,0.5585,0,0.26822,0
0,0,1,0,1,0,-1,0,0,0.56148,0,0.26698,0
0,0,1,0,1,0,-1,0,0,0.56447,0,0.26575,0
0,0,1,0,1,0,-1,0,0,0.56745,0,0.26451,0
0,0,1,0,1,0,-1,0,0,0.57043,0,0.26327,0
0,0,1,0,1,0,-1,0,0,0.57341,0,0.26203,0
0,0,1,0,1,0,-1,0,0,0.57639,0,0.2608,0
0,0,1,0,1,0,-1,0,0,0.57936,0,0.25957,0
0,0,1,0,1,0,-1,0,0,0.58233,0,0.25833,0
0,0,1,0,1,0,-1,0,0,0.5853,0,0.2571,0
0,0,1,0,1,0,-1,0,0,0.58826,0,0.25587,0
0,0,1,0,1,0,-1,0,0,0.59123,0,0.25464,0
0,0,1,0,1,0,-1,0,0,0.59419,0,0.25341,0
0,0,1,0,1,0,-1,0,0,0.59714,0,0.25219,0
0,0,1,0,1,0,-1,0,0,0.6001,0,0.25096,0
0,0,1,0,1,0,-1,0,0,0.60305,0,0.24974,0
0,0,1,0,1,0,-1,0,0,0.60599,0,0.24851,0
0,0,1,0,1,0,-1,0,0,0.60894,0,0.24729,0
0,0,1,0,1,0,-1,0,0,0.61188,0,0.24607,0
0,0,1,0,1,0,-1,0,0,0.61481,0,0.24485,0
0,0,1,0,1,0,-1,0,0,0.61775,0,0.24364,0
0,0,1,0,1,0,-1,0,0,0.62067,0,0.24242,0
0,0,1,0,1,0,-1,0,0,0.6236,0,0.24121,0
0,0,1,0,1,0,-1,0,0,0.62652,0,0.23999,0
0,0,1,0,1,0,-1,0,0,0.62944,0,0.23878,0
0,0,1,0,1,0,-1,0,0,0.63235,0,0.23758,0
0,0,1,0,1,0,-1,0,0,0.63526,0,0.23637,0
0,0,1,0,1,0,-1,0,0,0.63816,0,0.23516,0
0,0,1,0,1,0,-1,0,0,0.64106,0,0.23396,0
0,0,1,0,1,0,-1,0,0,0.64396,0,0.23276,0
0,0,1,0,1,0,-1,0,0,0.64685,0,0.23156,0
0,0,1,0,1,0,-1,0,0,0.64973,0,0.23036,0
0,0,1,0,1,0,-1,0,0,0.65261,0,0.22917,0
0,0,1,0,1,0,-1,0,0,0.65549,0,0.22797,0
0,0,1,0,1,0,-1,0,0,0.65836,0,0.22678,0
0,0,1,0,1,0,-1,0,0,0.66122,0,0.22559,0
0,0,1,0,1,0,-1,0,0,0.66408,0,0.22441,0
0,0,1,0,1,0,-1,0,0,0.66694,0,0.22322,0
0,0,1,0,1,0,-1,0,0,0.66979,0,0.22204,0
0,0,1,0,1,0,-1,0,0,0.67263,0,0.22086,0
0,0,1,0,1,0,-1,0,0,0.67547,0,0.21968,0
0,0,1,0,1,0,-1,0,0,0.6783,0,0.21851,0
0,0,1,0,1,0,-1,0,0,0.68113,0,0.21733,0
0,0,1,0,1,0,-1,0,0,0.68395,0,0.21616,0
0,0,1,0,1,0,-1,0,0,0.68676,0,0.21499,0
0,0,1,0,1,0,-1,0,0,0.68957,0,0.21383,0
0,0,1,0,1,0,-1,0,0,0.69237,0,0.21267,0
0,0,1,0,1,0,-1,0,0,0.69517,0,0.21151,0
0,0,1,0,1,0,-1,0,0,0.69796,0,0.21035,0
0,0,1,0,1,0,-1,0,0,0.70074,0,0.20919,0
0,0,1,0,1,0,-1,0,0,0.70351,0,0.20804,0
0,0,1,0,1,0,-1,0,0,0.70628,0,0.20689,0
0,0,1,0,1,0,-1,0,0,0.70905,0,0.20575,0
0,0,1,0,1,0,-1,0,0,0.7118,0,0.2046,0
0,0,1,0,1,0,-1,0,0,0.71455,0,0.20346,0
0,0,1,0,1,0,-1,0,0,0.71729,0,0.20232,0
0,0,1,0,1,0,-1,0,0,0.72003,0,0.20119,0
0,0,1,0,1,0,-1,0,0,0.72275,0,0.20006,0
0,0,1,0,1,0,-1,0,0,0.72547,0,0.19893,0
0,0,1,0,1,0,-1,0,0,0.72819,0,0.1978,0
0,0,1,0,1,0,-1,0,0,0.73089,0,0.19668,0
0,0,1,0,1,0,-1,0,0,0.73359,0,0.19556,0
0,0,1,0,1,0,-1,0,0,0.73628,0,0.19445,0
0,0,1,0,1,0,-1,0,0,0.73896,0,0.19333,0
0,0,1,0,1,0,-1,0,0,0.74163,0,0.19222,0
0,0,1,0,1,0,-1,0,0,0.7443,0,0.19112,0
0,0,1,0,1,0,-1,0,0,0.74695,0,0.19001,0
0,0,1,0,1,0,-1,0,0,0.7496,0,0.18892,0
0,0,1,0,1,0,-1,0,0,0.75224,0,0.18782,0
0,0,1,0,1,0,-1,0,0,0.75487,0,0.18673,0
0,0,1,0,1,0,-1,0,0,0.7575,0,0.18564,0
0,0,1,0,1,0,-1,0,0,0.76011,0,0.18455,0
0,0,1,0,1,0,-1,0,0,0.76272,0,0.18347,0
0,0,1,0,1,0,-1,0,0,0.76532,0,0.18239,0
0,0,1,0,1,0,-1,0,0,0.7679,0,0.18132,0
0,0,1,0,1,0,-1,0,0,0.77048,0,0.18025,0
0,0,1,0,1,0,-1,0,0,0.77305,0,0.17918,0
0,0,1,0,1,0,-1,0,0,0.77562,0,0.17812,0
0,0,1,0,1,0,-1,0,0,0.77817,0,0.17706,0
0,0,1,0,1,0,-1,0,0,0.78071,0,0.17601,0
0,0,1,0,1,0,-1,0,0,0.78324,0,0.17495,0
0,0,1,0,1,0,-1,0,0,0.78577,0,0.17391,0
0,0,1,0,1,0,-1,0,0,0.78828,0,0.17286,0
0,0,1,0,1,0,-1,0,0,0.79078,0,0.17183,0
0,0,1,0,1,0,-1,0,0,0.79328,0,0.17079,0
0,0,1,0,1,0,-1,0,0,0.79576,0,0.16976,0
0,0,1,0,1,0,-1,0,0,0.79823,0,0.16873,0
0,0,1,0,1,0,-1,0,0,0.8007,0,0.16771,0
0,0,1,0,1,0,-1,0,0,0.80315,0,0.16669,0
0,0,1,0,1,0,-1,0,0,0.80559,0,0.16568,0
0,0,1,0,1,0,-1,0,0,0.80802,0,0.16467,0
0,0,1,0,1,0,-1,0,0,0.81045,0,0.16366,0
0,0,1,0,1,0,-1,0,0,0.81286,0,0.16266,0
0,0,1,0,1,0,-1,0,0,0.81526,0,0.16167,0
0,0,1,0,1,0,-1,0,0,0.81765,0,0.16068,0
0,0,1,0,1,0,-1,0,0,0.82003,0,0.15969,0
0,0,1,0,1,0,-1,0,0,0.82239,0,0.15871,0
0,0,1,0,1,0,-1,0,0,0.82475,0,0.15773,0
0,0,1,0,1,0,-1,0,0,0.82709,0,0.15676,0
0,0,1,0,1,0,-1,0,0,0.82943,0,0.15579,0
0,0,1,0,1,0,-1,0,0,0.83175,0,0.15482,0
0,0,1,0,1,0,-1,0,0,0.83406,0,0.15386,0
0,0,1,0,1,0,-1,0,0,0.83636,0,0.15291,0
0,0,1,0,1,0,-1,0,0,0.83865,0,0.15196,0
0,0,1,0,1,0,-1,0,0,0.84092,0,0.15102,0
0,0,1,0,1,0,-1,0,0,0.84319,0,0.15008,0
0,0,1,0,1,0,-1,0,0,0.84544,0,0.14914,0
0,0,1,0,1,0,-1,0,0,0.84768,0,0.14821,0
0,0,1,0,1,0,-1,0,0,0.8499,0,0.14729,0
0,0,1,0,1,0,-1,0,0,0.85212,0,0.14637,0
0,0,1,0,1,0,-1,0,0,0.85432,0,0.14546,0
0,0,1,0,1,0,-1,0,0,0.85651,0,0.14455,0
0,0,1,0,1,0,-1,0,0,0.85869,0,0.14364,0
0,0,1,0,1,0,-1,0,0,0.86085,0,0.14275,0
0,0,1,0,1,0,-1,0,0,0.863,0,0.14185,0
0,0,1,0,1,0,-1,0,0,0.86514,0,0.14097,0
0,0,1,0,1,0,-1,0,0,0.86727,0,0.14008,0
0,0,1,0,1,0,-1,0,0,0.86938,0,0.13921,0
0,0,1,0,1,0,-1,0,0,0.87148,0,0.13833,0
0,0,1,0,1,0,-1,0,0,0.87357,0,0.13747,0
0,0,1,0,1,0,-1,0,0,0.87564,0,0.13661,0
0,0,1,0,1,0,-1,0,0,0.8777,0,0.13575,0
0,0,1,0,1,0,-1,0,0,0.87975,0,0.1349,0
0,0,1,0,1,0,-1,0,0,0.88178,0,0.13406,0
0,0,1,0,1,0,-1,0,0,0.8838,0,0.13322,0
0,0,1,0,1,0,-1,0,0,0.8858,0,0.13239,0
0,0,1,0,1,0,-1,0,0,0.88779,0,0.13157,0
0,0,1,0,1,0,-1,0,0,0.88977,0,0.13075,0
0,0,1,0,1,0,-1,0,0,0.89173,0,0.12993,0
0,0,1,0,1,0,-1,0,0,0.89368,0,0.12912,0
0,0,1,0,1,0,-1,0,0,0.89561,0,0.12832,0
0,0,1,0,1,0,-1,0,0,0.89753,0,0.12752,0
0,0,1,0,1,0,-1,0,0,0.89944,0,0.12673,0
0,0,1,0,1,0,-1,0,0,0.90133,0,0.12595,0
0,0,1,0,1,0,-1,0,0,0.90321,0,0.12517,0
0,0,1,0,1,0,-1,0,0,0.90507,0,0.1244,0
0,0,1,0,1,0,-1,0,0,0.90691,0,0.12363,0
0,0,1,0,1,0,-1,0,0,0.90874,0,0.12287,0
0,0,1,0,1,0,-1,0,0,0.91056,0,0.12212,0
0,0,1,0,1,0,-1,0,0,0.91236,0,0.12137,0
0,0,1,0,1,0,-1,0,0,0.91414,0,0.12063,0
0,0,1,0,1,0,-1,0,0,0.91591,0,0.1199,0
0,0,1,0,1,0,-1,0,0,0.91767,0,0.11917,0
0,0,1,0,1,0,-1,0,0,0.91941,0,0.11845,0
0,0,1,0,1,0,-1,0,0,0.92113,0,0.11773,0
0,0,1,0,1,0,-1,0,0,0.92284,0,0.11702,0
0,0,1,0,1,0,-1,0,0,0.92453,0,0.11632,0
0,0,1,0,1,0,-1,0,0,0.9262,0,0.11563,0
0,0,1,0,1,0,-1,0,0,0.92786,0,0.11494,0
0,0,1,0,1,0,-1,0,0,0.92951,0,0.11425,0
0,0,1,0,1,0,-1,0,0,0.93113,0,0.11358,0
0,0,1,0,1,0,-1,0,0,0.93274,0,0.11291,0
0,0,1,0,1,0,-1,0,0,0.93434,0,0.11225,0
0,0,1,0,1,0,-1,0,0,0.93592,0,0.1116,0
0,0,1,0,1,0,-1,0,0,0.93748,0,0.11095,0
0,0,1,0,1,0,-1,0,0,0.93902,0,0.11031,0
0,0,1,0,1,0,-1,0,0,0.94055,0,0.10967,0
0,0,1,0,1,0,-1,0,0,0.94206,0,0.10905,0
0,0,1,0,1,0,-1,0,0,0.94355,0,0.10843,0
0,0,1,0,1,0,-1,0,0,0.94503,0,0.10781,0
0,0,1,0,1,0,-1,0,0,0.94649,0,0.10721,0
0,0,1,0,1,0,-1,0,0,0.94793,0,0.10661,0
0,0,1,0,1,0,-1,0,0,0.94935,0,0.10602,0
0,0,1,0,1,0,-1,0,0,0.95076,0,0.10544,0
0,0,1,0,1,0,-1,0,0,0.95215,0,0.10486,0
0,0,1,0,1,0,-1,0,0,0.95352,0,0.10429,0
0,0,1,0,1,0,-1,0,0,0.95487,0,0.10373,0
0,0,1,0,1,0,-1,0,0,0.95621,0,0.10317,0
0,0,1,0,1,0,-1,0,0,0.95752,0,0.10263,0
0,0,1,0,1,0,-1,0,0,0.95882,0,0.10209,0
0,0,1,0,1,0,-1,0,0,0.9601,0,0.10156,0
0,0,1,0,1,0,-1,0,0,0.96137,0,0.10103,0
0,0,1,0,1,0,-1,0,0,0.96261,0,0.10052,0
0,0,1,0,1,0,-1,0,0,0.96384,0,0.10001,0
0,0,1,0,1,0,-1,0,0,0.96504,0,0.099507,0
0,0,1,0,1,0,-1,0,0,0.96623,0,0.099014,0
0,0,1,0,1,0,-1,0,0,0.9674,0,0.098528,0
0,0,1,0,1,0,-1,0,0,0.96855,0,0.09805,0
0,0,1,0,1,0,-1,0,0,0.96969,0,0.097581,0
0,0,1,0,1,0,-1,0,0,0.9708,0,0.097119,0
0,0,1,0,1,0,-1,0,0,0.97189,0,0.096665,0
0,0,1,0,1,0,-1,0,0,0.97297,0,0.096219,0
0,0,1,0,1,0,-1,0,0,0.97402,0,0.095781,0
0,0,1,0,1,0,-1,0,0,0.97506,0,0.095351,0
0,0,1,0,1,0,-1,0,0,0.97607,0,0.09493,0
0,0,1,0,1,0,-1,0,0,0.97707,0,0.094516,0
0,0,1,0,1,0,-1,0,0,0.97805,0,0.094111,0
0,0,1,0,1,0,-1,0,0,0.979,0,0.093714,0
0,0,1,0,1,0,-1,0,0,0.97994,0,0.093325,0
0,0,1,0,1,0,-1,0,0,0.98086,0,0.092945,0
0,0,1,0,1,0,-1,0,0,0.98175,0,0.092572,0
0,0,1,0,1,0,-1,0,0,0.98263,0,0.092209,0
0,0,1,0,1,0,-1,0,0,0.98349,0,0.091853,0
0,0,1,0,1,0,-1,0,0,0.98432,0,0.091507,0
0,0,1,0,1,0,-1,0,0,0.98514,0,0.091168,0
0,0,1,0,1,0,-1,0,0,0.98593,0,0.090839,0
0,0,1,0,1,0,-1,0,0,0.9867,0,0.090517,0
0,0,1,0,1,0,-1,0,0,0.98746,0,0.090205,0
0,0,1,0,1,0,-1,0,0,0.98819,0,0.089901,0
0,0,1,0,1,0,-1,0,0,0.9889,0,0.089606,0
0,0,1,0,1,0,-1,0,0,0.98959,0,0.08932,0
0,0,1,0,1,0,-1,0,0,0.99026,0,0.089042,0
0,0,1,0,1,0,-1,0,0,0.99091,0,0.088773,0
0,0,1,0,1,0,-1,0,0,0.99153,0,0.088514,0
0,0,1,0,1,0,-1,0,0,0.99214,0,0.088263,0
0,0,1,0,1,0,-1,0,0,0.99272,0,0.088021,0
0,0,1,0,1,0,-1,0,0,0.99328,0,0.087788,0
0,0,1,0,1,0,-1,0,0,0.99382,0,0.087564,0
0,0,1,0,1,0,-1,0,0,0.99434,0,0.087349,0
0,0,1,0,1,0,-1,0,0,0.99484,0,0.087143,0
0,0,1,0,1,0,-1,0,0,0.99531,0,0.086947,0
0,0,1,0,1,0,-1,0,0,0.99576,0,0.086759,0
0,0,1,0,1,0,-1,0,0,0.99619,0,0.086581,0
0,0,1,0,1,0,-1,0,0,0.9966,0,0.086412,0
0,0,1,0,1,0,-1,0,0,0.99698,0,0.086253,0
0,0,1,0,1,0,-1,0,0,0.99734,0,0.086102,0
0,0,1,0,1,0,-1,0,0,0.99768,0,0.085962,0
0,0,1,0,1,0,-1,0,0,0.998,0,0.08583,0
0,0,1,0,1,0,-1,0,0,0.99829,0,0.085708,0
0,0,1,0,1,0,-1,0,0,0.99856,0,0.085596,0
0,0,1,0,1,0,-1,0,0,0.99881,0,0.085493,0
0,0,1,0,1,0,-1,0,0,0.99904,0,0.0854,0
0,0,1,0,1,0,-1,0,0,0.99924,0,0.085317,0
0,0,1,0,1,0,-1,0,0,0.99942,0,0.085243,0
0,0,1,0,1,0,-1,0,0,0.99957,0,0.085179,0
0,0,1,0,1,0,-1,0,0,0.9997,0,0.085124,0
0,0,1,0,1,0,-1,0,0,0.99981,0,0.08508,0
0,0,1,0,1,0,-1,0,0,0.99989,0,0.085045,0
0,0,1,0,1,0,-1,0,0,0.99995,0,0.08502,0
0,0,1,0,1,0,-1,0,0,0.99999,0,0.085005,0
0,0,1,0,1,0,-1,0,0,1,0,0.085,0
